{"cameraMode":{"drawMode":0,"name":"Shaded","section":"Shading Mode"},"sceneLighting":false,"audioPlay":false,"sceneViewState":{"showFog":true,"showMaterialUpdate":false,"showSkybox":false,"showFlares":true,"showImageEffects":true,"showParticleSystems":true},"in2DMode":false,"pivot":{"x":5.900000095367432,"y":3.950000047683716,"z":-2.5345773696899416},"rotation":{"x":0.022185364738106729,"y":-0.010769127868115902,"z":-0.00023878307547420263,"w":-0.999695897102356},"size":31.28621482849121,"orthographic":false}